ID,IWZ,Direction,min_1. number of days,max_1. number of days,mean_1. number of days,std_1. number of days,15prctile_1. number of days,85prctile_1. number of days,min_2. number of events,max_2. number of events,mean_2. number of events,std_2. number of events,15prctile_2. number of events,85prctile_2. number of events,min_3. number of daytime events,max_3. number of daytime events,mean_3. number of daytime events,std_3. number of daytime events,15prctile_3. number of daytime events,85prctile_3. number of daytime events,min_4. number of days when events happened,max_4. number of days when events happened,mean_4. number of days when events happened,std_4. number of days when events happened,15prctile_4. number of days when events happened,85prctile_4. number of days when events happened,min_5. average duration of each event,max_5. average duration of each event,mean_5. average duration of each event,std_5. average duration of each event,15prctile_5. average duration of each event,85prctile_5. average duration of each event,min_6. median duration of each event,max_6. median duration of each event,mean_6. median duration of each event,std_6. median duration of each event,15prctile_6. median duration of each event,85prctile_6. median duration of each event,min_7. average queue length,max_7. average queue length,mean_7. average queue length,std_7. average queue length,15prctile_7. average queue length,85prctile_7. average queue length,min_8. average maximum queue length of each event,max_8. average maximum queue length of each event,mean_8. average maximum queue length of each event,std_8. average maximum queue length of each event,15prctile_8. average maximum queue length of each event,85prctile_8. average maximum queue length of each event,min_9. median maximum queue length of each event,max_9. median maximum queue length of each event,mean_9. median maximum queue length of each event,std_9. median maximum queue length of each event,15prctile_9. median maximum queue length of each event,85prctile_9. median maximum queue length of each event,min_10. max maximum queue length of each event,max_10. max maximum queue length of each event,mean_10. max maximum queue length of each event,std_10. max maximum queue length of each event,15prctile_10. max maximum queue length of each event,85prctile_10. max maximum queue length of each event,min_11.percentage of queue > 1 mile,max_11.percentage of queue > 1 mile,mean_11.percentage of queue > 1 mile,std_11.percentage of queue > 1 mile,15prctile_11.percentage of queue > 1 mile,85prctile_11.percentage of queue > 1 mile,min_12.amount of traffic that encounters a queue,max_12.amount of traffic that encounters a queue,mean_12.amount of traffic that encounters a queue,std_12.amount of traffic that encounters a queue,15prctile_12.amount of traffic that encounters a queue,85prctile_12.amount of traffic that encounters a queue,min_13.total traffic,max_13.total traffic,mean_13.total traffic,std_13.total traffic,15prctile_13.total traffic,85prctile_13.total traffic,min_14.percentage of traffic that encounters a queue,max_14.percentage of traffic that encounters a queue,mean_14.percentage of traffic that encounters a queue,std_14.percentage of traffic that encounters a queue,15prctile_14.percentage of traffic that encounters a queue,85prctile_14.percentage of traffic that encounters a queue,min_15.percentage of time that encounters a queue,max_15.percentage of time that encounters a queue,mean_15.percentage of time that encounters a queue,std_15.percentage of time that encounters a queue,15prctile_15.percentage of time that encounters a queue,85prctile_15.percentage of time that encounters a queue,min_16.total delay,max_16.total delay,mean_16.total delay,std_16.total delay,15prctile_16.total delay,85prctile_16.total delay,min_17.total delay per day,max_17.total delay per day,mean_17.total delay per day,std_17.total delay per day,15prctile_17.total delay per day,85prctile_17.total delay per day,min_18.average delay per vehicle,max_18.average delay per vehicle,mean_18.average delay per vehicle,std_18.average delay per vehicle,15prctile_18.average delay per vehicle,85prctile_18.average delay per vehicle,min_19.maximum delay,max_19.maximum delay,mean_19.maximum delay,std_19.maximum delay,15prctile_19.maximum delay,85prctile_19.maximum delay,min_20.total delay when queue is present,max_20.total delay when queue is present,mean_20.total delay when queue is present,std_20.total delay when queue is present,15prctile_20.total delay when queue is present,85prctile_20.total delay when queue is present,min_21.percentage of delay caused by queue,max_21.percentage of delay caused by queue,mean_21.percentage of delay caused by queue,std_21.percentage of delay caused by queue,15prctile_21.percentage of delay caused by queue,85prctile_21.percentage of delay caused by queue,min_22.avg delay when queue is present,max_22.avg delay when queue is present,mean_22.avg delay when queue is present,std_22.avg delay when queue is present,15prctile_22.avg delay when queue is present,85prctile_22.avg delay when queue is present,min_23.percent of vehicles experiencing delay > 5 min,max_23.percent of vehicles experiencing delay > 5 min,mean_23.percent of vehicles experiencing delay > 5 min,std_23.percent of vehicles experiencing delay > 5 min,15prctile_23.percent of vehicles experiencing delay > 5 min,85prctile_23.percent of vehicles experiencing delay > 5 min,min_24.percent of vehicles experiencing delay > 10 min,max_24.percent of vehicles experiencing delay > 10 min,mean_24.percent of vehicles experiencing delay > 10 min,std_24.percent of vehicles experiencing delay > 10 min,15prctile_24.percent of vehicles experiencing delay > 10 min,85prctile_24.percent of vehicles experiencing delay > 10 min,min_25.percent of vehicles in queue experiencing delay > 5 min,max_25.percent of vehicles in queue experiencing delay > 5 min,mean_25.percent of vehicles in queue experiencing delay > 5 min,std_25.percent of vehicles in queue experiencing delay > 5 min,15prctile_25.percent of vehicles in queue experiencing delay > 5 min,85prctile_25.percent of vehicles in queue experiencing delay > 5 min,min_26.percent of vehicles in queue experiencing delay > 10 min,max_26.percent of vehicles in queue experiencing delay > 10 min,mean_26.percent of vehicles in queue experiencing delay > 10 min,std_26.percent of vehicles in queue experiencing delay > 10 min,15prctile_26.percent of vehicles in queue experiencing delay > 10 min,85prctile_26.percent of vehicles in queue experiencing delay > 10 min,
1.000000,Group 1 - 1.3 - I80,1,6.000000,7.000000,6.880000,0.324962,7.000000,7.000000,0.000000,21.000000,2.120000,3.467795,0.000000,4.000000,0.000000,8.000000,0.360000,1.195993,0.000000,1.000000,0.000000,5.000000,1.140000,1.200167,0.000000,2.000000,0.000000,40.000000,6.325198,8.213831,0.000000,10.714286,0.000000,40.000000,5.850000,7.931110,0.000000,10.000000,0.000000,5.107692,0.466455,0.815709,0.000000,1.162500,0.000000,3.150000,0.444825,0.640766,0.000000,1.050000,0.000000,3.150000,0.413000,0.640532,0.000000,1.050000,0.000000,6.200000,0.714000,1.142630,0.000000,1.400000,0.000000,1.000000,0.150755,0.297635,0.000000,0.500000,0.000000,2724.000000,190.280000,457.176117,0.000000,210.000000,4482.000000,31327.142860,19055.054286,5103.941928,14148.285714,23316.142860,0.000000,0.018687,0.001361,0.003086,0.000000,0.001841,0.000000,0.032242,0.002383,0.004958,0.000000,0.004960,27.855367,593.296986,201.175489,142.824693,79.436566,378.754047,3.979338,84.756712,29.025468,20.311567,11.348081,54.107721,0.017142,0.242243,0.090851,0.059884,0.032443,0.165607,0.505496,14.007583,2.637863,2.514911,1.156992,4.716167,0.000000,229.081219,10.049881,34.226695,0.000000,9.226705,0.000000,0.386116,0.037256,0.080044,0.000000,0.053241,0.000000,9.081515,1.254178,1.606323,0.000000,2.238080,0.000000,0.008270,0.000265,0.001213,0.000000,0.000000,0.000000,0.005489,0.000113,0.000768,0.000000,0.000000,0.000000,0.562273,0.011395,0.078704,0.000000,0.000000,0.000000,0.562273,0.011395,0.078704,0.000000,0.000000,
2.000000,Group 1 - 1.3 - I80,2,6.000000,7.000000,6.880000,0.324962,7.000000,7.000000,0.000000,54.000000,7.240000,11.587165,0.000000,19.000000,0.000000,2.000000,0.380000,0.628967,0.000000,1.000000,0.000000,7.000000,2.120000,2.178440,0.000000,5.000000,0.000000,45.000000,8.033096,9.581588,0.000000,14.444444,0.000000,45.000000,6.450000,8.647109,0.000000,10.000000,0.000000,3.933333,0.400497,0.699821,0.000000,0.628788,0.000000,4.300000,0.399027,0.683241,0.000000,0.650000,0.000000,4.300000,0.344000,0.669675,0.000000,0.550000,0.000000,5.900000,0.870000,1.184778,0.000000,1.700000,0.000000,1.000000,0.088603,0.204743,0.000000,0.151515,0.000000,3723.000000,466.400000,745.792491,0.000000,1252.000000,5186.000000,34487.571430,21531.265715,5239.560572,16425.000000,26580.142860,0.000000,0.024571,0.003203,0.004988,0.000000,0.008609,0.000000,0.079365,0.007566,0.013649,0.000000,0.016782,44.136761,442.919268,205.242119,103.328832,95.471850,336.158063,6.706530,63.274181,29.655489,14.576496,13.638836,48.022580,0.019604,0.180477,0.083470,0.038524,0.041349,0.123260,0.418624,11.182542,2.594146,1.896165,0.939465,3.773771,0.000000,109.437496,15.288022,25.861231,0.000000,48.379179,0.000000,0.456473,0.057155,0.092690,0.000000,0.145565,0.000000,8.151589,1.308712,1.498104,0.000000,1.830480,0.000000,0.003341,0.000134,0.000549,0.000000,0.000000,0.000000,0.002714,0.000054,0.000380,0.000000,0.000000,0.000000,0.599906,0.011998,0.083987,0.000000,0.000000,0.000000,0.599906,0.011998,0.083987,0.000000,0.000000,
3.000000,Group 1a,1,6.000000,7.000000,6.862069,0.344828,6.850000,7.000000,0.000000,4.000000,0.482759,1.133219,0.000000,1.000000,0.000000,1.000000,0.034483,0.182466,0.000000,0.000000,0.000000,4.000000,0.448276,1.036779,0.000000,1.000000,0.000000,5.000000,1.034483,2.025403,0.000000,5.000000,0.000000,5.000000,1.034483,2.025403,0.000000,5.000000,0.000000,0.500000,0.059195,0.128920,0.000000,0.210000,0.000000,0.500000,0.059195,0.128920,0.000000,0.210000,0.000000,0.500000,0.048276,0.114080,0.000000,0.107500,0.000000,0.800000,0.093103,0.208328,0.000000,0.315000,0.000000,0.000000,0.000000,0.000000,0.000000,0.000000,0.000000,14.000000,1.482759,3.480197,0.000000,3.450000,0.000000,5158.142857,1161.522167,1950.472313,0.000000,4463.892857,0.000000,0.000409,0.000044,0.000106,0.000000,0.000087,0.000000,0.001984,0.000239,0.000562,0.000000,0.000496,0.000000,77.802657,16.315063,28.129060,0.000000,62.145231,0.000000,11.114665,2.330723,4.018437,0.000000,8.877890,0.076135,0.131182,0.116704,0.016727,0.101282,0.129857,0.000000,1.049189,0.226094,0.379214,0.000000,0.855014,0.000000,0.139985,0.012508,0.030128,0.000000,0.037511,0.000000,0.001799,0.000188,0.000433,0.000000,0.000603,0.000000,0.976319,0.123576,0.256573,0.000000,0.498619,0.000000,0.000000,0.000000,0.000000,0.000000,0.000000,0.000000,0.000000,0.000000,0.000000,0.000000,0.000000,0.000000,0.000000,0.000000,0.000000,0.000000,0.000000,0.000000,0.000000,0.000000,0.000000,0.000000,0.000000,
4.000000,Group 1a,2,6.000000,7.000000,6.862069,0.344828,6.850000,7.000000,0.000000,30.000000,2.896552,6.380708,0.000000,7.150000,0.000000,8.000000,0.827586,2.001189,0.000000,1.150000,0.000000,7.000000,1.137931,2.012446,0.000000,4.000000,0.000000,9.500000,1.937295,3.261849,0.000000,6.666667,0.000000,5.000000,1.379310,2.234738,0.000000,5.000000,0.000000,0.714035,0.122293,0.221069,0.000000,0.401250,0.000000,0.728571,0.124657,0.229575,0.000000,0.366771,0.000000,0.700000,0.118966,0.221832,0.000000,0.407500,0.000000,2.100000,0.275862,0.541171,0.000000,0.800000,0.000000,0.228070,0.016683,0.052724,0.000000,0.000000,0.000000,923.000000,85.103448,220.655035,0.000000,110.100000,0.000000,6165.857143,1321.763547,2234.216251,0.000000,4900.121429,0.000000,0.031467,0.002486,0.006624,0.000000,0.003144,0.000000,0.028274,0.002292,0.005766,0.000000,0.004266,0.000000,93.600750,15.377571,27.578164,0.000000,52.047915,0.000000,13.371536,2.196796,3.939738,0.000000,7.435417,0.046227,0.133153,0.095373,0.026634,0.070751,0.132748,0.000000,5.423158,0.617469,1.372443,0.000000,1.163073,0.000000,18.786160,1.571607,4.448577,0.000000,1.519300,0.000000,0.289940,0.023608,0.061306,0.000000,0.030379,0.000000,1.225005,0.252892,0.426219,0.000000,0.830952,0.000000,0.000486,0.000120,0.000209,0.000000,0.000480,0.000000,0.000000,0.000000,0.000000,0.000000,0.000000,0.000000,0.000000,0.000000,0.000000,0.000000,0.000000,0.000000,0.000000,0.000000,0.000000,0.000000,0.000000,
5.000000,Group 1c,1,6.000000,7.000000,6.840000,0.366606,6.250000,7.000000,0.000000,11.000000,2.880000,2.746926,0.250000,4.750000,0.000000,4.000000,0.640000,0.932952,0.000000,1.000000,0.000000,5.000000,1.720000,1.281249,0.250000,3.000000,0.000000,10.000000,4.969697,2.626135,1.250000,7.875000,0.000000,10.000000,4.500000,2.236068,1.250000,5.000000,0.000000,0.600000,0.260855,0.178530,0.025000,0.464583,0.000000,0.600000,0.267903,0.175961,0.025000,0.431250,0.000000,0.600000,0.244000,0.184022,0.025000,0.437500,0.000000,1.300000,0.436000,0.357637,0.025000,0.950000,0.000000,0.105263,0.004211,0.020627,0.000000,0.000000,0.000000,1240.000000,99.080000,247.656200,0.750000,179.000000,2003.000000,15231.285710,5920.125714,4775.746101,2898.607143,14337.821429,0.000000,0.012138,0.001416,0.002465,0.000025,0.002504,0.000000,0.009425,0.001835,0.002106,0.000124,0.002852,0.704331,88.295246,13.839780,22.073332,0.902250,37.378621,0.117389,12.613607,1.981954,3.150693,0.147751,5.339803,0.001731,0.051891,0.012017,0.012116,0.002668,0.024222,0.589952,4.841294,1.197133,0.858708,0.692534,1.765788,0.000000,17.367272,1.209220,3.444811,0.005317,1.655005,0.000000,0.317910,0.068033,0.078952,0.002089,0.133329,0.000000,3.428611,0.632381,0.664035,0.027990,0.933285,0.000000,0.000000,0.000000,0.000000,0.000000,0.000000,0.000000,0.000000,0.000000,0.000000,0.000000,0.000000,0.000000,0.000000,0.000000,0.000000,0.000000,0.000000,0.000000,0.000000,0.000000,0.000000,0.000000,0.000000,
6.000000,Group 1c,2,6.000000,7.000000,6.840000,0.366606,6.250000,7.000000,0.000000,9.000000,1.440000,2.333752,0.000000,3.750000,0.000000,3.000000,0.560000,0.852291,0.000000,1.750000,0.000000,3.000000,0.680000,0.881816,0.000000,2.000000,0.000000,155.000000,9.903175,30.066903,0.000000,10.000000,0.000000,15.000000,3.600000,4.586938,0.000000,10.000000,0.000000,2.890323,0.315081,0.626557,0.000000,0.745834,0.000000,1.766667,0.286476,0.483676,0.000000,0.677083,0.000000,1.600000,0.254000,0.419743,0.000000,0.737500,0.000000,4.000000,0.500000,0.978570,0.000000,1.100000,0.000000,1.000000,0.116069,0.272024,0.000000,0.291667,0.000000,7258.000000,398.720000,1428.096958,0.000000,265.500000,2679.571429,17131.142860,6968.834286,4940.358179,3766.142857,15569.142857,0.000000,0.066789,0.003830,0.013097,0.000000,0.003110,0.000000,0.046131,0.003198,0.009206,0.000000,0.005208,4.737416,1163.057936,92.121023,228.920591,9.631525,159.313909,0.726878,166.151134,13.196767,32.690410,1.456733,22.759130,0.009389,0.642222,0.066617,0.121811,0.018043,0.096462,0.365810,15.538360,2.247960,4.069908,0.440001,1.776445,0.000000,902.003650,40.010468,176.312089,0.000000,6.556380,0.000000,0.775545,0.061133,0.160874,0.000000,0.108041,0.000000,9.387348,1.003348,2.262249,0.000000,1.403980,0.000000,0.049547,0.002065,0.009697,0.000000,0.000000,0.000000,0.016686,0.000727,0.003271,0.000000,0.000000,0.000000,0.628862,0.035148,0.130690,0.000000,0.000000,0.000000,0.628862,0.035148,0.130690,0.000000,0.000000,
7.000000,Group 1q,1,6.000000,7.000000,6.862069,0.344828,6.850000,7.000000,0.000000,4.000000,0.310345,1.020596,0.000000,0.000000,0.000000,1.000000,0.034483,0.182466,0.000000,0.000000,0.000000,1.000000,0.103448,0.304543,0.000000,0.000000,0.000000,12.500000,0.862069,2.728826,0.000000,0.000000,0.000000,12.500000,0.775862,2.551491,0.000000,0.000000,0.000000,0.100000,0.010345,0.030454,0.000000,0.000000,0.000000,0.100000,0.010345,0.030454,0.000000,0.000000,0.000000,0.100000,0.010345,0.030454,0.000000,0.000000,0.000000,0.100000,0.010345,0.030454,0.000000,0.000000,0.000000,0.000000,0.000000,0.000000,0.000000,0.000000,0.000000,387.000000,21.448276,75.995729,0.000000,0.000000,0.000000,19866.428570,6552.935960,7771.909240,0.000000,15851.607142,0.000000,0.003570,0.000191,0.000688,0.000000,0.000000,0.000000,0.004960,0.000291,0.001038,0.000000,0.000000,0.000000,2.290457,0.172895,0.458514,0.000000,0.262413,0.000000,0.327208,0.024716,0.065496,0.000000,0.037487,0.000015,0.001268,0.000214,0.000348,0.000017,0.000473,0.000000,0.207664,0.025754,0.051824,0.000000,0.039879,0.000000,0.920965,0.048414,0.177962,0.000000,0.000000,0.000000,0.679494,0.041716,0.142557,0.000000,0.000000,0.000000,0.142785,0.013165,0.039022,0.000000,0.000000,0.000000,0.000000,0.000000,0.000000,0.000000,0.000000,0.000000,0.000000,0.000000,0.000000,0.000000,0.000000,0.000000,0.000000,0.000000,0.000000,0.000000,0.000000,0.000000,0.000000,0.000000,0.000000,0.000000,0.000000,
8.000000,Group 1q,2,6.000000,7.000000,6.862069,0.344828,6.850000,7.000000,0.000000,1.000000,0.034483,0.182466,0.000000,0.000000,0.000000,1.000000,0.034483,0.182466,0.000000,0.000000,0.000000,1.000000,0.034483,0.182466,0.000000,0.000000,0.000000,20.000000,0.689655,3.649312,0.000000,0.000000,0.000000,20.000000,0.689655,3.649312,0.000000,0.000000,0.000000,0.100000,0.003448,0.018247,0.000000,0.000000,0.000000,0.100000,0.003448,0.018247,0.000000,0.000000,0.000000,0.100000,0.003448,0.018247,0.000000,0.000000,0.000000,0.100000,0.003448,0.018247,0.000000,0.000000,0.000000,0.000000,0.000000,0.000000,0.000000,0.000000,0.000000,468.000000,16.137931,85.393904,0.000000,0.000000,0.000000,20768.000000,6769.561576,8034.141253,0.000000,16313.400000,0.000000,0.004172,0.000144,0.000761,0.000000,0.000000,0.000000,0.001984,0.000068,0.000362,0.000000,0.000000,0.000000,3.527211,0.134574,0.641540,0.000000,0.047574,0.000000,0.503887,0.019233,0.091647,0.000000,0.006797,0.000005,0.001887,0.000160,0.000499,0.000006,0.000033,0.000000,0.830753,0.035294,0.150650,0.000000,0.016240,0.000000,3.371303,0.116252,0.615147,0.000000,0.000000,0.000000,0.955798,0.032959,0.174400,0.000000,0.000000,0.000000,0.432218,0.014904,0.078865,0.000000,0.000000,0.000000,0.000000,0.000000,0.000000,0.000000,0.000000,0.000000,0.000000,0.000000,0.000000,0.000000,0.000000,0.000000,0.000000,0.000000,0.000000,0.000000,0.000000,0.000000,0.000000,0.000000,0.000000,0.000000,0.000000,
9.000000,Group 1r,1,6.000000,7.000000,6.862069,0.344828,6.850000,7.000000,0.000000,6.000000,1.689655,1.895611,0.000000,4.000000,0.000000,5.000000,0.793103,1.242337,0.000000,2.000000,0.000000,4.000000,1.310345,1.416734,0.000000,3.000000,0.000000,50.000000,7.163793,11.000990,0.000000,14.650000,0.000000,50.000000,6.379310,10.839467,0.000000,10.750000,0.000000,0.772727,0.209599,0.238969,0.000000,0.449643,0.000000,1.100000,0.226667,0.275920,0.000000,0.483000,0.000000,1.100000,0.227586,0.279651,0.000000,0.507500,0.000000,1.100000,0.313793,0.375751,0.000000,0.675000,0.000000,0.454545,0.045003,0.120768,0.000000,0.021429,0.000000,1588.000000,339.103448,520.745112,0.000000,1041.100000,0.000000,13128.000000,5366.596059,4956.276282,0.000000,10086.485712,0.000000,0.031158,0.005571,0.008924,0.000000,0.015829,0.000000,0.010913,0.002072,0.002865,0.000000,0.005183,0.000000,147.454442,53.514073,50.208856,0.000000,106.974206,0.000000,21.064920,7.705170,7.203666,0.000000,15.282030,0.000000,0.126114,0.082401,0.026159,0.070154,0.104749,0.000000,5.211999,0.829322,1.307946,0.000000,1.219746,0.000000,67.297244,6.685130,14.306022,0.000000,17.862010,0.000000,0.469960,0.062448,0.123675,0.000000,0.166956,0.000000,2.652108,0.459520,0.610431,0.000000,0.746599,0.000000,0.002103,0.000124,0.000495,0.000000,0.000000,0.000000,0.000000,0.000000,0.000000,0.000000,0.000000,0.000000,0.000000,0.000000,0.000000,0.000000,0.000000,0.000000,0.000000,0.000000,0.000000,0.000000,0.000000,
10.000000,Group 1r,2,6.000000,7.000000,6.862069,0.344828,6.850000,7.000000,0.000000,1.000000,0.034483,0.182466,0.000000,0.000000,0.000000,0.000000,0.000000,0.000000,0.000000,0.000000,0.000000,1.000000,0.034483,0.182466,0.000000,0.000000,0.000000,5.000000,0.172414,0.912328,0.000000,0.000000,0.000000,5.000000,0.172414,0.912328,0.000000,0.000000,0.000000,0.100000,0.003448,0.018247,0.000000,0.000000,0.000000,0.100000,0.003448,0.018247,0.000000,0.000000,0.000000,0.100000,0.003448,0.018247,0.000000,0.000000,0.000000,0.100000,0.003448,0.018247,0.000000,0.000000,0.000000,0.000000,0.000000,0.000000,0.000000,0.000000,0.000000,2.000000,0.068966,0.364931,0.000000,0.000000,0.000000,13176.000000,5451.975369,5038.974109,0.000000,10280.150001,0.000000,0.000030,0.000001,0.000005,0.000000,0.000000,0.000000,0.000496,0.000017,0.000091,0.000000,0.000000,0.000000,30.330568,12.658021,12.175667,0.000000,26.295751,0.000000,4.332938,1.821653,1.744783,0.000000,3.756536,0.000000,0.026527,0.018630,0.005501,0.015434,0.021789,0.000000,0.576851,0.184772,0.183941,0.000000,0.396285,0.000000,0.011076,0.000382,0.002021,0.000000,0.000000,0.000000,0.000557,0.000019,0.000102,0.000000,0.000000,0.000000,0.332284,0.011458,0.060630,0.000000,0.000000,0.000000,0.000000,0.000000,0.000000,0.000000,0.000000,0.000000,0.000000,0.000000,0.000000,0.000000,0.000000,0.000000,0.000000,0.000000,0.000000,0.000000,0.000000,0.000000,0.000000,0.000000,0.000000,0.000000,0.000000,
11.000000,Group 1t,1,6.000000,7.000000,6.750000,0.433013,6.000000,7.000000,25.000000,74.000000,43.166667,17.985334,25.000000,67.000000,0.000000,17.000000,6.416667,6.330592,0.300000,15.400000,5.000000,7.000000,6.416667,0.640095,6.000000,7.000000,7.352941,17.777778,11.048488,3.110512,7.800000,14.158559,5.000000,10.000000,6.041667,1.898007,5.000000,9.250000,0.105128,0.979856,0.274654,0.270876,0.117053,0.595360,0.108000,0.426667,0.203952,0.098911,0.120294,0.332732,0.100000,0.100000,0.100000,0.000000,0.100000,0.100000,0.200000,4.800000,1.633333,1.566489,0.330000,3.640000,0.000000,0.294964,0.056659,0.104970,0.000000,0.215057,512.000000,4876.000000,1975.083333,1460.900947,723.800000,3925.200000,11410.428571,18402.000000,16213.821429,2077.405345,13804.814286,18124.742857,0.005476,0.046852,0.018149,0.014363,0.005760,0.036788,0.019345,0.111111,0.051208,0.029043,0.020312,0.086409,82.819658,648.681540,248.799719,173.608701,86.688113,472.856622,11.831380,92.668791,36.404254,24.557976,14.448019,67.550946,0.041819,0.315795,0.133541,0.092317,0.049951,0.267387,4.302520,12.288758,6.910819,2.699041,4.478134,10.830519,16.179377,332.823233,103.061986,97.675214,17.036807,222.177526,0.189035,0.663334,0.345501,0.143618,0.195357,0.486802,1.297464,4.095446,2.702845,0.885384,1.500604,3.743008,0.000000,0.018356,0.003324,0.005209,0.000000,0.007134,0.000000,0.001959,0.000242,0.000572,0.000000,0.000639,0.000000,0.055573,0.008253,0.018307,0.000000,0.029764,0.000000,0.055573,0.008253,0.018307,0.000000,0.029764,
12.000000,Group 1t,2,6.000000,7.000000,6.750000,0.433013,6.000000,7.000000,48.000000,106.000000,76.916667,18.696962,58.300000,100.100000,2.000000,16.000000,6.333333,4.459696,2.300000,12.800000,6.000000,7.000000,6.750000,0.433013,6.000000,7.000000,6.979167,15.270270,9.867372,2.421184,7.220339,12.203140,5.000000,10.000000,5.416667,1.381927,5.000000,5.000000,0.226190,0.713736,0.411143,0.148131,0.242800,0.547721,0.240678,0.483333,0.360562,0.083083,0.258141,0.461798,0.200000,0.400000,0.266667,0.062361,0.200000,0.300000,0.700000,6.800000,2.233333,1.683911,0.730000,3.670000,0.000000,0.158371,0.054302,0.053011,0.000000,0.116582,686.000000,4273.000000,2435.416667,1249.045066,800.400000,3844.800000,11557.142857,18532.285714,16498.047619,2008.271330,14086.114286,18159.500000,0.005970,0.033768,0.021306,0.010892,0.007070,0.033251,0.038773,0.127894,0.079599,0.029886,0.044445,0.120089,47.378392,847.029366,260.347607,224.272245,54.858563,453.612470,6.768342,121.004195,37.918608,31.840013,9.116655,64.801782,0.021913,0.404430,0.134852,0.108503,0.029264,0.219735,3.711569,15.459479,7.276953,3.304164,3.859115,9.722692,8.841047,334.991725,106.135404,94.755324,10.054750,194.049016,0.178209,0.706277,0.365021,0.158193,0.186605,0.537109,0.620812,4.704059,2.062681,1.156178,0.840375,3.048900,0.000000,0.016590,0.004440,0.005695,0.000000,0.013164,0.000000,0.004263,0.000355,0.001178,0.000000,0.000000,0.000000,0.127145,0.010595,0.035141,0.000000,0.000000,0.000000,0.127145,0.010595,0.035141,0.000000,0.000000,
13.000000,Group 2a,1,6.000000,7.000000,6.840000,0.366606,6.250000,7.000000,0.000000,1.000000,0.120000,0.324962,0.000000,0.000000,0.000000,1.000000,0.040000,0.195959,0.000000,0.000000,0.000000,1.000000,0.120000,0.324962,0.000000,0.000000,0.000000,5.000000,0.600000,1.624808,0.000000,0.000000,0.000000,5.000000,0.600000,1.624808,0.000000,0.000000,0.000000,0.300000,0.028000,0.077563,0.000000,0.000000,0.000000,0.300000,0.028000,0.077563,0.000000,0.000000,0.000000,0.300000,0.028000,0.077563,0.000000,0.000000,0.000000,0.300000,0.028000,0.077563,0.000000,0.000000,0.000000,0.000000,0.000000,0.000000,0.000000,0.000000,0.000000,43.000000,2.000000,8.433267,0.000000,0.000000,0.000000,8471.285714,1763.754286,3264.082600,0.000000,7974.928571,0.000000,0.000725,0.000034,0.000142,0.000000,0.000000,0.000000,0.000496,0.000060,0.000161,0.000000,0.000000,0.000000,12.964854,1.620560,3.443561,0.000000,3.684956,0.000000,1.852122,0.231509,0.491937,0.000000,0.526422,0.003593,0.013126,0.007979,0.003906,0.003682,0.013123,0.000000,1.407665,0.165130,0.341245,0.000000,0.471513,0.000000,0.337243,0.017055,0.067185,0.000000,0.000000,0.000000,0.026012,0.001439,0.005237,0.000000,0.000000,0.000000,0.951609,0.074597,0.217614,0.000000,0.000000,0.000000,0.000000,0.000000,0.000000,0.000000,0.000000,0.000000,0.000000,0.000000,0.000000,0.000000,0.000000,0.000000,0.000000,0.000000,0.000000,0.000000,0.000000,0.000000,0.000000,0.000000,0.000000,0.000000,0.000000,
14.000000,Group 2a,2,6.000000,7.000000,6.840000,0.366606,6.250000,7.000000,0.000000,3.000000,0.240000,0.708802,0.000000,0.000000,0.000000,0.000000,0.000000,0.000000,0.000000,0.000000,0.000000,3.000000,0.200000,0.632456,0.000000,0.000000,0.000000,10.000000,0.866667,2.454927,0.000000,0.000000,0.000000,10.000000,0.800000,2.315167,0.000000,0.000000,0.000000,1.000000,0.067000,0.214793,0.000000,0.000000,0.000000,1.050000,0.072667,0.230790,0.000000,0.000000,0.000000,1.050000,0.070000,0.225389,0.000000,0.000000,0.000000,1.600000,0.116000,0.372752,0.000000,0.000000,0.000000,0.500000,0.030000,0.107703,0.000000,0.000000,0.000000,86.000000,5.000000,17.426417,0.000000,0.000000,0.000000,9604.571429,1903.914286,3509.477775,0.000000,8344.035714,0.000000,0.001598,0.000088,0.000320,0.000000,0.000000,0.000000,0.001984,0.000179,0.000541,0.000000,0.000000,0.000000,3.777855,0.384064,0.859519,0.000000,1.007522,0.000000,0.539694,0.054866,0.122788,0.000000,0.143932,0.000797,0.004245,0.001744,0.001163,0.000863,0.003237,0.000000,2.244288,0.243358,0.555214,0.000000,0.537460,0.000000,2.279265,0.110786,0.449152,0.000000,0.000000,0.000000,0.603323,0.037627,0.125485,0.000000,0.000000,0.000000,1.602608,0.120170,0.361872,0.000000,0.000000,0.000000,0.000000,0.000000,0.000000,0.000000,0.000000,0.000000,0.000000,0.000000,0.000000,0.000000,0.000000,0.000000,0.000000,0.000000,0.000000,0.000000,0.000000,0.000000,0.000000,0.000000,0.000000,0.000000,0.000000,
15.000000,Group 5 - 4.1 - I29,1,5.000000,7.000000,6.860000,0.400500,7.000000,7.000000,1.000000,183.000000,35.040000,49.282435,5.000000,88.000000,0.000000,104.000000,18.060000,29.257074,1.000000,61.000000,1.000000,7.000000,4.380000,1.573404,3.000000,6.000000,5.000000,266.818182,22.456375,44.097135,5.833333,23.750000,5.000000,40.000000,8.150000,6.379851,5.000000,10.000000,0.100000,2.275000,0.607574,0.412757,0.301856,0.880000,0.100000,1.450000,0.557225,0.303912,0.303509,0.740000,0.100000,1.450000,0.407000,0.300002,0.200000,0.600000,0.100000,5.900000,1.766000,1.105190,0.800000,2.600000,0.000000,0.720000,0.145593,0.193225,0.000000,0.352584,8.000000,39297.000000,6526.120000,9304.741399,220.000000,16312.000000,9617.571429,25661.857140,16902.431429,2799.584350,13774.857143,19438.571430,0.000074,0.286841,0.054616,0.075507,0.001817,0.157185,0.000496,0.291171,0.059694,0.081415,0.003968,0.171627,841.365158,6348.440310,1909.732292,828.952816,1200.712668,2510.212557,120.195023,906.920044,278.693868,120.543017,182.991543,358.601794,0.521964,2.120478,0.946796,0.255347,0.722668,1.140843,2.470639,15.223768,5.258320,3.005740,2.898753,7.833244,0.199041,3967.027699,276.911031,596.403996,8.058454,524.580180,0.000237,0.624882,0.114647,0.150857,0.005179,0.234634,1.149993,7.379185,2.499115,1.267017,1.489031,3.744179,0.000000,0.084521,0.004519,0.016355,0.000000,0.003353,0.000000,0.081199,0.001777,0.011369,0.000000,0.000000,0.000000,0.452197,0.016512,0.071084,0.000000,0.000000,0.000000,0.452197,0.016512,0.071084,0.000000,0.000000,
16.000000,Group 5 - 4.1 - I29,2,5.000000,7.000000,6.860000,0.400500,7.000000,7.000000,4.000000,117.000000,17.500000,17.380736,7.000000,24.000000,0.000000,99.000000,5.780000,15.150300,0.000000,6.000000,3.000000,7.000000,5.260000,1.213425,4.000000,6.000000,5.625000,33.076923,10.836138,4.880329,7.619048,12.916667,5.000000,10.000000,5.700000,1.584298,5.000000,7.500000,0.170588,1.684000,0.572705,0.350678,0.245161,0.915625,0.187500,1.613636,0.548406,0.308973,0.281818,0.815385,0.100000,1.700000,0.387000,0.331935,0.200000,0.600000,0.400000,7.000000,1.816000,1.357256,0.600000,3.400000,0.000000,0.848000,0.192570,0.233775,0.000000,0.387097,90.000000,17170.000000,1856.020000,3104.022265,339.000000,2448.000000,10032.857143,22520.857143,17472.568571,2606.623699,15189.285710,20541.571429,0.000797,0.167864,0.015457,0.026979,0.002644,0.020064,0.003968,0.097718,0.018682,0.016800,0.006366,0.034226,1518.665363,4245.509159,2258.536167,516.184314,1788.709702,2627.317164,233.056326,606.501308,329.108603,71.751204,264.088024,381.560313,0.802759,1.831358,1.107863,0.175755,0.957569,1.284482,2.655049,81.494948,7.401398,11.446206,2.934612,8.704264,3.827832,1656.944637,136.491229,298.032881,13.231558,185.747133,0.001925,0.454025,0.049669,0.090205,0.006224,0.085242,1.414101,9.710708,3.103310,1.447795,2.102199,4.026690,0.000000,0.032104,0.002795,0.006738,0.000000,0.005446,0.000000,0.031620,0.001067,0.004567,0.000000,0.000000,0.000000,0.429595,0.021117,0.073365,0.000000,0.000000,0.000000,0.429595,0.021117,0.073365,0.000000,0.000000,
17.000000,Group 5 - 4.1 - I80,1,5.000000,7.000000,6.860000,0.400500,7.000000,7.000000,0.000000,15.000000,4.600000,3.616628,1.000000,8.000000,0.000000,7.000000,1.360000,1.670449,0.000000,2.000000,0.000000,5.000000,2.520000,1.330263,1.000000,4.000000,0.000000,50.000000,10.691300,8.593203,5.000000,17.500000,0.000000,50.000000,7.300000,7.547185,5.000000,10.000000,0.000000,2.257895,0.532921,0.496390,0.180000,0.950000,0.000000,1.615385,0.486515,0.372451,0.200000,0.750000,0.000000,1.900000,0.385000,0.353306,0.100000,0.550000,0.000000,5.700000,1.096000,1.146989,0.300000,1.900000,0.000000,0.789474,0.114768,0.212832,0.000000,0.333333,0.000000,3107.000000,668.620000,774.278061,48.000000,1681.000000,12336.857143,27519.857140,21873.445714,3356.109374,17915.714286,25619.428570,0.000000,0.018873,0.004491,0.005131,0.000263,0.010384,0.000000,0.029266,0.005188,0.005320,0.000992,0.009425,880.312276,2383.402600,1690.880278,332.425491,1382.825426,1998.419316,125.758897,340.486086,246.377185,46.234714,199.048896,285.651344,0.413630,0.859652,0.663427,0.088039,0.592325,0.734946,1.861977,15.082309,3.804131,2.683546,2.359277,5.461419,0.000000,349.968309,33.675764,64.348869,1.831514,52.420371,0.000000,0.176213,0.019160,0.034665,0.001081,0.028903,0.000000,8.536135,2.216943,1.550995,1.271321,3.047632,0.000000,0.011142,0.000666,0.002198,0.000000,0.000270,0.000000,0.008318,0.000267,0.001349,0.000000,0.000000,0.000000,0.492077,0.016323,0.081712,0.000000,0.000000,0.000000,0.492077,0.016323,0.081712,0.000000,0.000000,
18.000000,Group 5 - 4.1 - I80,2,5.000000,7.000000,6.860000,0.400500,7.000000,7.000000,0.000000,52.000000,7.340000,7.999025,2.000000,13.000000,0.000000,15.000000,3.140000,2.946252,1.000000,7.000000,0.000000,7.000000,3.220000,1.345957,2.000000,4.000000,0.000000,136.000000,16.331775,21.647105,5.416667,22.500000,0.000000,57.500000,9.150000,10.590208,5.000000,10.000000,0.000000,1.569565,0.565016,0.385802,0.200000,0.988889,0.000000,2.200000,0.525866,0.419707,0.200000,0.755556,0.000000,2.200000,0.409000,0.439055,0.100000,0.700000,0.000000,4.000000,1.214000,0.832589,0.400000,2.100000,0.000000,0.838235,0.177170,0.238614,0.000000,0.461538,0.000000,12905.000000,1799.620000,2140.734443,165.000000,3587.000000,14801.142857,31330.142860,25642.137143,3786.516484,21080.285714,29825.142860,0.000000,0.096885,0.010660,0.014713,0.000833,0.020569,0.000000,0.078704,0.010391,0.012785,0.001488,0.018353,912.449751,2679.731160,1705.321015,317.189759,1359.217208,1945.398634,130.349964,382.818737,248.842896,45.353378,202.464824,287.188981,0.377058,0.869068,0.573306,0.087480,0.507155,0.660692,1.119651,12.588164,3.428802,2.094261,1.946491,5.422724,0.000000,881.407198,71.134235,129.840615,4.405112,153.906911,0.000000,0.456849,0.041637,0.070335,0.002370,0.078643,0.000000,4.097980,1.858619,0.846696,1.233832,2.725536,0.000000,0.020163,0.000816,0.003028,0.000000,0.000214,0.000000,0.005196,0.000104,0.000727,0.000000,0.000000,0.000000,0.053636,0.001073,0.007509,0.000000,0.000000,0.000000,0.053636,0.001073,0.007509,0.000000,0.000000,
19.000000,Group 5b and 5.4,1,6.000000,7.000000,6.900000,0.300000,7.000000,7.000000,0.000000,128.000000,24.680000,36.618269,0.000000,65.000000,0.000000,63.000000,9.240000,13.993656,0.000000,28.000000,0.000000,7.000000,3.020000,2.716542,0.000000,7.000000,0.000000,30.000000,7.462767,7.663152,0.000000,14.375000,0.000000,25.000000,4.650000,4.769958,0.000000,5.000000,0.000000,1.471154,0.456493,0.392248,0.000000,0.889560,0.000000,1.775000,0.464782,0.414020,0.000000,0.840000,0.000000,1.900000,0.435000,0.405000,0.000000,0.800000,0.000000,4.600000,1.276000,1.338142,0.000000,2.700000,0.000000,0.666667,0.129121,0.191513,0.000000,0.340659,0.000000,10075.000000,1396.160000,1970.970770,0.000000,3327.000000,2187.000000,15637.142860,8658.100000,3864.446793,3204.000000,12218.857140,0.000000,0.123242,0.018412,0.026583,0.000000,0.043400,0.000000,0.092262,0.021801,0.028988,0.000000,0.059028,0.000000,1667.618586,549.109327,531.665555,0.000000,1332.543610,0.000000,238.231227,78.761312,76.049915,0.000000,190.363373,0.000000,1.181663,0.415052,0.379588,0.000000,0.950892,0.000000,22.990125,4.043843,4.931090,0.000000,8.619038,0.000000,261.286670,43.291493,60.294827,0.000000,114.280572,0.000000,0.451308,0.055993,0.084785,0.000000,0.104228,0.000000,3.463887,1.172763,1.044182,0.000000,2.379977,0.000000,0.009110,0.000693,0.001659,0.000000,0.001431,0.000000,0.002950,0.000166,0.000584,0.000000,0.000000,0.000000,0.119922,0.005690,0.021790,0.000000,0.000000,0.000000,0.119922,0.005690,0.021790,0.000000,0.000000,
20.000000,Group 5b and 5.4,2,6.000000,7.000000,6.900000,0.300000,7.000000,7.000000,0.000000,56.000000,9.860000,11.303115,0.000000,18.000000,0.000000,19.000000,2.680000,3.895844,0.000000,5.000000,0.000000,7.000000,3.360000,2.455687,0.000000,6.000000,0.000000,20.833333,5.702036,4.932395,0.000000,9.666667,0.000000,5.000000,3.500000,2.291288,0.000000,5.000000,0.000000,1.287500,0.388186,0.342632,0.000000,0.788000,0.000000,1.270000,0.389220,0.338316,0.000000,0.800000,0.000000,1.000000,0.329000,0.299515,0.000000,0.650000,0.000000,3.500000,0.976000,0.999312,0.000000,2.100000,0.000000,0.500000,0.095304,0.145863,0.000000,0.296296,0.000000,2517.000000,452.780000,572.157925,0.000000,1262.000000,1624.571429,14720.857140,8233.848572,3898.050240,2394.571429,11766.285710,0.000000,0.033786,0.006249,0.008028,0.000000,0.015375,0.000000,0.053571,0.009014,0.012870,0.000000,0.014385,0.000000,1257.676454,459.167330,402.884406,0.000000,1026.430148,0.000000,179.668065,65.965845,57.894780,0.000000,146.632878,0.000000,0.864883,0.367483,0.313116,0.000000,0.831097,0.000000,36.819577,3.333853,6.325439,0.000000,6.972437,0.000000,53.169732,11.678744,15.216803,0.000000,33.104015,0.000000,0.144366,0.019587,0.029135,0.000000,0.045667,0.000000,4.113412,0.997236,0.886842,0.000000,1.928432,0.000000,0.001930,0.000118,0.000356,0.000000,0.000093,0.000000,0.000441,0.000012,0.000064,0.000000,0.000000,0.000000,0.044991,0.001207,0.006434,0.000000,0.000000,0.000000,0.044991,0.001207,0.006434,0.000000,0.000000,
21.000000,Group 5d,1,6.000000,7.000000,6.894737,0.306892,7.000000,7.000000,0.000000,110.000000,5.552632,19.591482,0.000000,4.000000,0.000000,61.000000,2.973684,11.687796,0.000000,0.800000,0.000000,4.000000,0.921053,1.264528,0.000000,2.800000,0.000000,18.363636,2.995612,4.361295,0.000000,6.000000,0.000000,10.000000,2.368421,2.977292,0.000000,5.000000,0.000000,4.365946,0.532401,0.954527,0.000000,1.120000,0.000000,4.074576,0.532716,0.941731,0.000000,1.120000,0.000000,4.000000,0.542105,0.983116,0.000000,1.340000,0.000000,5.600000,0.792105,1.376950,0.000000,1.920000,0.000000,1.000000,0.193175,0.327638,0.000000,0.609091,0.000000,8059.000000,288.421053,1325.484810,0.000000,71.200000,0.000000,9532.714286,3735.567669,3247.598766,0.000000,7068.685715,0.000000,0.240425,0.009060,0.040430,0.000000,0.001655,0.000000,0.200397,0.008770,0.035828,0.000000,0.001984,0.000000,1026.710375,200.152364,288.383721,0.000000,575.125324,0.000000,146.672911,28.962697,41.754377,0.000000,82.160761,0.008988,1.837886,0.502506,0.495668,0.015487,0.818714,0.000000,26.928312,2.073644,4.636368,0.000000,3.949861,0.000000,708.657622,31.095733,131.849629,0.000000,3.228768,0.000000,0.748766,0.041351,0.160340,0.000000,0.006213,0.000000,11.956833,1.298253,2.279535,0.000000,2.769885,0.000000,0.131970,0.008693,0.029503,0.000000,0.000106,0.000000,0.027032,0.001190,0.005510,0.000000,0.000000,0.000000,0.314830,0.008322,0.050390,0.000000,0.000000,0.000000,0.314830,0.008322,0.050390,0.000000,0.000000,
22.000000,Group 5d,2,6.000000,7.000000,6.894737,0.306892,7.000000,7.000000,0.000000,44.000000,2.631579,7.306886,0.000000,2.800000,0.000000,41.000000,1.578947,6.671351,0.000000,1.000000,0.000000,6.000000,0.921053,1.364620,0.000000,2.000000,0.000000,161.666667,8.390484,26.188975,0.000000,5.777778,0.000000,90.000000,5.460526,14.485193,0.000000,5.000000,0.000000,2.600000,0.440047,0.603624,0.000000,0.924000,0.000000,2.600000,0.472893,0.665889,0.000000,0.971111,0.000000,2.600000,0.478947,0.682645,0.000000,1.060000,0.000000,2.600000,0.592105,0.767217,0.000000,1.500000,0.000000,1.000000,0.146529,0.293526,0.000000,0.500000,0.000000,7243.000000,377.289474,1345.430158,0.000000,92.000000,0.000000,8105.714286,3982.409774,3333.032086,0.000000,7372.742857,0.000000,0.139806,0.007268,0.025976,0.000000,0.001934,0.000000,0.099206,0.005365,0.017881,0.000000,0.003174,0.000000,1072.203944,333.088660,296.910987,0.000000,584.217378,0.000000,153.171992,47.888505,42.612425,0.000000,83.459625,0.067216,1.241871,0.704823,0.192423,0.611727,0.801171,0.000000,13.967884,1.947128,2.451621,0.000000,3.018188,0.000000,286.843109,11.268560,47.043651,0.000000,4.287737,0.000000,0.267527,0.013951,0.047326,0.000000,0.008595,0.000000,4.517045,1.279125,1.421691,0.000000,2.676810,0.000000,0.000308,0.000013,0.000063,0.000000,0.000000,0.000000,0.000221,0.000010,0.000045,0.000000,0.000000,0.000000,0.098507,0.002592,0.015768,0.000000,0.000000,0.000000,0.098507,0.002592,0.015768,0.000000,0.000000,
23.000000,Group 5f,1,6.000000,7.000000,6.900000,0.300000,7.000000,7.000000,0.000000,163.000000,18.580000,33.421005,0.000000,53.000000,0.000000,97.000000,10.500000,20.798317,0.000000,22.000000,0.000000,7.000000,2.280000,2.638484,0.000000,6.000000,0.000000,70.921053,5.681496,10.442533,0.000000,10.645161,0.000000,25.000000,3.300000,4.313931,0.000000,5.000000,0.000000,1.172356,0.278736,0.316884,0.000000,0.603509,0.000000,1.128947,0.275664,0.311553,0.000000,0.630189,0.000000,1.000000,0.220000,0.265707,0.000000,0.400000,0.000000,3.800000,0.846000,1.045793,0.000000,2.000000,0.000000,0.654917,0.046663,0.107310,0.000000,0.095238,0.000000,14937.000000,1575.060000,3459.910683,0.000000,3535.000000,0.000000,9341.714286,3711.725714,3788.230271,0.000000,7957.142857,0.000000,0.297223,0.029545,0.063825,0.000000,0.061282,0.000000,0.267361,0.023522,0.051390,0.000000,0.054563,0.000000,1729.757680,345.634678,404.427726,0.000000,785.136353,0.000000,247.108240,49.376383,57.775390,0.000000,112.162336,0.428927,1.587140,0.775660,0.245496,0.500341,1.009930,0.000000,56.243529,3.426870,8.478433,0.000000,4.627557,0.000000,914.882651,59.149107,155.569932,0.000000,84.601967,0.000000,0.528908,0.061170,0.124560,0.000000,0.128003,0.000000,14.795946,1.085701,2.148935,0.000000,1.641020,0.000000,0.032225,0.001744,0.006220,0.000000,0.002224,0.000000,0.027358,0.001177,0.005255,0.000000,0.000000,0.000000,0.482210,0.010709,0.067666,0.000000,0.000000,0.000000,0.482210,0.010709,0.067666,0.000000,0.000000,
24.000000,Group 5f,2,6.000000,7.000000,6.900000,0.300000,7.000000,7.000000,0.000000,225.000000,34.100000,59.547712,0.000000,120.000000,0.000000,129.000000,16.980000,33.911939,0.000000,59.000000,0.000000,7.000000,2.960000,3.098128,0.000000,7.000000,0.000000,66.000000,5.948737,11.859669,0.000000,8.592814,0.000000,15.000000,3.100000,3.858756,0.000000,5.000000,0.000000,1.590968,0.238109,0.313331,0.000000,0.482609,0.000000,1.467500,0.231241,0.294011,0.000000,0.514286,0.000000,1.150000,0.185000,0.239426,0.000000,0.400000,0.000000,3.800000,0.734000,0.987443,0.000000,1.700000,0.000000,0.580074,0.054115,0.122688,0.000000,0.101449,0.000000,18248.000000,1759.060000,3873.347345,0.000000,3931.000000,0.000000,6684.714286,2739.400000,2817.836549,0.000000,5913.571429,0.000000,0.528789,0.050478,0.113833,0.000000,0.087866,0.000000,0.532738,0.045050,0.103001,0.000000,0.088294,0.000000,935.725958,235.722496,271.861669,0.000000,582.375819,0.000000,133.675137,33.674642,38.837381,0.000000,83.196546,0.411501,1.626968,0.732179,0.292301,0.462601,1.056476,0.000000,15.646296,2.055936,3.529932,0.000000,3.127186,0.000000,736.452684,51.921313,131.907528,0.000000,85.005357,0.000000,0.787039,0.079747,0.172395,0.000000,0.132957,0.000000,2.421546,0.669395,0.731752,0.000000,1.361351,0.000000,0.027160,0.002446,0.006254,0.000000,0.003958,0.000000,0.004332,0.000294,0.000921,0.000000,0.000000,0.000000,0.008403,0.000499,0.001976,0.000000,0.000000,0.000000,0.008403,0.000499,0.001976,0.000000,0.000000,
25.000000,Group 6 - 3.2 3a 3b - I29,1,6.000000,7.000000,6.900000,0.300000,7.000000,7.000000,41.000000,288.000000,148.420000,55.759516,94.000000,209.000000,21.000000,203.000000,92.600000,38.090944,60.000000,139.000000,5.000000,7.000000,6.780000,0.540000,6.000000,7.000000,7.042553,54.154930,14.185293,8.507661,7.764977,21.727273,5.000000,10.000000,6.600000,2.332381,5.000000,10.000000,0.160793,3.833272,0.561951,0.529864,0.238138,0.784551,0.179032,1.036323,0.484978,0.240795,0.240000,0.763200,0.100000,1.000000,0.384000,0.245243,0.200000,0.700000,0.700000,10.900000,2.776000,1.954949,1.200000,5.300000,0.000000,0.519196,0.113398,0.125602,0.004630,0.248547,4415.000000,163191.000000,32852.180000,31743.742433,13434.000000,44763.000000,7216.857143,35631.428571,19742.377143,7281.663076,12320.000000,28457.714290,0.035547,0.880344,0.237559,0.175954,0.098269,0.388632,0.044643,0.756944,0.205539,0.136225,0.102431,0.324405,782.477085,9404.574879,2813.827488,1826.420741,1355.698875,4244.598845,111.782441,1343.510697,407.468282,262.337752,193.671268,606.371264,0.542690,3.220804,1.204423,0.537081,0.825815,1.797322,2.864322,34.201902,8.410141,6.434001,3.414439,10.374233,83.086413,6996.390872,1113.855086,1500.093120,296.777204,1701.476310,0.061287,0.953803,0.330277,0.206557,0.135682,0.501075,0.862484,4.128088,1.724887,0.727116,1.124514,2.383212,0.000000,0.097699,0.006299,0.015891,0.000000,0.010398,0.000000,0.032127,0.001054,0.004999,0.000000,0.000288,0.000000,0.118539,0.003264,0.016924,0.000000,0.001727,0.000000,0.118539,0.003264,0.016924,0.000000,0.001727,
26.000000,Group 6 - 3.2 3a 3b - I29,2,6.000000,7.000000,6.900000,0.300000,7.000000,7.000000,30.000000,247.000000,124.020000,68.102714,46.000000,223.000000,3.000000,141.000000,55.140000,40.872979,11.000000,116.000000,5.000000,7.000000,6.840000,0.417612,7.000000,7.000000,9.347826,28.846154,15.770847,3.836366,12.264957,19.326923,5.000000,10.000000,7.350000,2.470324,5.000000,10.000000,0.202752,2.828862,0.627582,0.410428,0.363200,0.722486,0.246000,0.842259,0.492768,0.158925,0.323913,0.671837,0.100000,0.800000,0.346000,0.191269,0.200000,0.600000,1.100000,12.400000,2.812000,2.084864,1.400000,3.500000,0.012500,0.743243,0.160398,0.158675,0.031185,0.228840,1147.000000,69762.000000,19863.480000,16081.911507,3470.000000,33945.000000,7780.285714,39248.571429,19862.925714,6987.808831,13436.571430,27319.285714,0.013955,0.508666,0.138628,0.109311,0.035477,0.256189,0.039683,0.484623,0.194337,0.110149,0.064980,0.322421,1536.711608,8035.970633,4177.283932,1601.897604,2697.565964,5882.505467,241.963134,1147.995805,605.523880,230.326296,385.366566,843.422379,1.236649,2.520264,1.801223,0.316596,1.510253,2.216885,3.385812,32.582447,10.819437,7.472394,4.924724,17.734446,38.629130,3761.486026,934.943856,822.461829,171.665300,1702.867282,0.022807,0.643652,0.200457,0.142158,0.063909,0.352478,1.721994,4.188206,2.770164,0.561669,2.157433,3.473924,0.000000,0.060234,0.008083,0.011698,0.000000,0.014379,0.000000,0.013818,0.000918,0.002416,0.000000,0.001665,0.000000,0.072801,0.005310,0.013845,0.000000,0.006714,0.000000,0.072801,0.005310,0.013845,0.000000,0.006714,
27.000000,Group 6 - 3.2 3a 3b - US20,1,6.000000,7.000000,6.900000,0.300000,7.000000,7.000000,0.000000,27.000000,3.680000,5.791166,0.000000,7.000000,0.000000,9.000000,0.780000,1.723833,0.000000,2.000000,0.000000,4.000000,1.500000,1.187434,0.000000,3.000000,0.000000,46.388889,6.458139,8.241416,0.000000,10.000000,0.000000,10.000000,4.150000,2.811139,0.000000,5.000000,0.000000,2.134731,0.283239,0.343654,0.000000,0.485417,0.000000,2.227778,0.293061,0.358990,0.000000,0.500000,0.000000,2.800000,0.290000,0.415933,0.000000,0.500000,0.000000,2.800000,0.526000,0.719947,0.000000,1.000000,0.000000,0.904192,0.040166,0.140055,0.000000,0.000000,0.000000,3805.000000,252.540000,661.441704,0.000000,266.000000,4809.000000,37507.142857,19086.911429,11574.688502,8643.571429,33939.571429,0.000000,0.024934,0.002389,0.005934,0.000000,0.003158,0.000000,0.082837,0.005301,0.013742,0.000000,0.009259,70.450778,919.212706,307.792388,213.317684,104.178175,582.936102,10.064397,131.316101,44.731909,30.746918,14.882596,83.276586,0.073313,0.308143,0.137831,0.050477,0.098464,0.169123,0.353093,5.885787,1.258198,1.001304,0.627555,2.087506,0.000000,63.291635,5.212810,12.850678,0.000000,5.895802,0.000000,0.216835,0.017767,0.046858,0.000000,0.022871,0.000000,2.434788,0.664734,0.552705,0.000000,1.118293,0.000000,0.000050,0.000001,0.000007,0.000000,0.000000,0.000000,0.000000,0.000000,0.000000,0.000000,0.000000,0.000000,0.000000,0.000000,0.000000,0.000000,0.000000,0.000000,0.000000,0.000000,0.000000,0.000000,0.000000,
28.000000,Group 6 - 3.2 3a 3b - US20,2,6.000000,7.000000,6.900000,0.300000,7.000000,7.000000,0.000000,71.000000,13.340000,13.712199,0.000000,22.000000,0.000000,23.000000,1.520000,3.981156,0.000000,2.000000,0.000000,7.000000,3.580000,2.218919,0.000000,6.000000,0.000000,36.111111,7.542765,6.117104,0.000000,11.666667,0.000000,10.000000,4.600000,2.615339,0.000000,5.000000,0.000000,1.168462,0.200659,0.200557,0.000000,0.280000,0.000000,1.061111,0.210465,0.202488,0.000000,0.293333,0.000000,1.000000,0.140000,0.149666,0.000000,0.200000,0.000000,3.600000,0.764000,0.932472,0.000000,1.700000,0.000000,0.730769,0.033541,0.113068,0.000000,0.038462,0.000000,4534.000000,442.420000,785.644884,0.000000,761.000000,5443.714286,37179.428571,18632.317143,11639.364859,8299.571429,33515.000000,0.000000,0.058546,0.004138,0.009868,0.000000,0.006877,0.000000,0.109127,0.015121,0.022484,0.000000,0.022817,14.872908,912.343146,339.079735,281.795272,57.959690,700.075024,2.124701,130.334735,49.386185,40.713946,8.279956,100.010718,0.017743,0.371549,0.136515,0.073316,0.053850,0.200893,0.307093,3.874378,1.344299,0.851059,0.727459,2.274967,0.000000,126.798443,8.718526,20.166124,0.000000,13.954445,0.000000,0.264421,0.022935,0.048118,0.000000,0.041807,0.000000,1.678091,0.697292,0.426249,0.000000,1.137081,0.000000,0.000000,0.000000,0.000000,0.000000,0.000000,0.000000,0.000000,0.000000,0.000000,0.000000,0.000000,0.000000,0.000000,0.000000,0.000000,0.000000,0.000000,0.000000,0.000000,0.000000,0.000000,0.000000,0.000000,
29.000000,Group 6a,1,4.000000,7.000000,6.837209,0.525190,7.000000,7.000000,0.000000,5.000000,0.418605,0.993761,0.000000,1.000000,0.000000,1.000000,0.116279,0.320559,0.000000,0.000000,0.000000,3.000000,0.302326,0.630057,0.000000,1.000000,0.000000,80.000000,4.348837,13.412739,0.000000,5.100000,0.000000,80.000000,4.534884,13.927301,0.000000,5.000000,0.000000,1.906250,0.182427,0.419053,0.000000,0.505000,0.000000,2.600000,0.230543,0.541275,0.000000,0.601667,0.000000,2.600000,0.225581,0.543072,0.000000,0.410000,0.000000,2.600000,0.265116,0.590579,0.000000,0.625000,0.000000,1.000000,0.081072,0.223750,0.000000,0.016667,0.000000,1515.000000,68.976744,241.989764,0.000000,50.350000,0.000000,23125.285710,6583.289036,8325.742177,0.000000,17473.328568,0.000000,0.009356,0.000509,0.001567,0.000000,0.000705,0.000000,0.008929,0.000658,0.001867,0.000000,0.000992,0.000000,150.451595,17.421679,33.739628,0.000000,42.310753,0.000000,21.493085,2.489305,4.819696,0.000000,6.044393,0.000251,0.055765,0.019248,0.016099,0.001169,0.035450,0.000000,7.709140,0.795698,1.582784,0.000000,1.655966,0.000000,104.781678,3.139556,15.801788,0.000000,1.273879,0.000000,0.696448,0.031546,0.111226,0.000000,0.032984,0.000000,4.151139,0.376728,0.838005,0.000000,1.038877,0.000000,0.003506,0.000202,0.000802,0.000000,0.000000,0.000000,0.000000,0.000000,0.000000,0.000000,0.000000,0.000000,0.000000,0.000000,0.000000,0.000000,0.000000,0.000000,0.000000,0.000000,0.000000,0.000000,0.000000,
30.000000,Group 6a,2,4.000000,7.000000,6.837209,0.525190,7.000000,7.000000,0.000000,8.000000,0.651163,1.568346,0.000000,2.000000,0.000000,2.000000,0.186047,0.539415,0.000000,0.000000,0.000000,3.000000,0.395349,0.839145,0.000000,1.050000,0.000000,25.000000,2.674419,6.197931,0.000000,5.125000,0.000000,25.000000,2.267442,5.359570,0.000000,5.000000,0.000000,2.460000,0.278620,0.627574,0.000000,0.857500,0.000000,4.700000,0.356105,0.895203,0.000000,1.006875,0.000000,4.700000,0.336047,0.881352,0.000000,0.810000,0.000000,4.700000,0.513953,1.156293,0.000000,1.815000,0.000000,1.000000,0.093086,0.239936,0.000000,0.175000,0.000000,2582.000000,128.674419,433.863590,0.000000,144.500000,0.000000,23799.857140,6718.714286,8506.137211,0.000000,17735.585715,0.000000,0.015497,0.000945,0.002802,0.000000,0.001042,0.000000,0.018849,0.000920,0.002998,0.000000,0.001538,0.000000,368.618235,62.672311,102.145155,0.000000,183.077650,0.000000,52.659748,8.959090,14.588730,0.000000,26.153950,0.003063,0.155114,0.071708,0.046495,0.009660,0.126753,0.000000,7.114157,1.204190,1.898988,0.000000,2.864996,0.000000,139.285716,5.892914,21.945005,0.000000,5.949584,0.000000,0.671002,0.036839,0.116754,0.000000,0.060341,0.000000,4.200649,0.549819,1.151244,0.000000,1.976666,0.000000,0.001347,0.000156,0.000360,0.000000,0.000360,0.000000,0.000000,0.000000,0.000000,0.000000,0.000000,0.000000,0.000000,0.000000,0.000000,0.000000,0.000000,0.000000,0.000000,0.000000,0.000000,0.000000,0.000000,
31.000000,Group 6c,1,6.000000,7.000000,6.900000,0.300000,7.000000,7.000000,0.000000,12.000000,1.200000,1.949359,0.000000,2.000000,0.000000,5.000000,0.360000,0.866256,0.000000,1.000000,0.000000,3.000000,0.800000,0.871780,0.000000,1.000000,0.000000,30.000000,4.825000,6.184709,0.000000,10.000000,0.000000,30.000000,4.600000,6.090156,0.000000,7.500000,0.000000,0.880000,0.154461,0.190436,0.000000,0.366667,0.000000,0.600000,0.155033,0.176636,0.000000,0.400000,0.000000,0.600000,0.142000,0.162899,0.000000,0.400000,0.000000,1.600000,0.214000,0.313056,0.000000,0.400000,0.000000,0.600000,0.012000,0.084000,0.000000,0.000000,0.000000,1071.000000,77.240000,189.601008,0.000000,158.000000,9469.571429,16628.285714,13597.142857,1591.068616,11907.428571,15290.571430,0.000000,0.010213,0.000777,0.001862,0.000000,0.001474,0.000000,0.007440,0.000995,0.001585,0.000000,0.001984,24.125870,339.468588,132.290034,104.651108,44.423217,287.907293,3.651713,48.495513,19.008233,14.868783,6.429025,41.129613,0.019488,0.210113,0.081091,0.061696,0.028970,0.166899,0.248603,2.537494,0.762641,0.462331,0.392357,1.158842,0.000000,10.383385,0.888618,2.107518,0.000000,2.093499,0.000000,0.035989,0.004818,0.009371,0.000000,0.011849,0.000000,1.768549,0.378749,0.417697,0.000000,0.839101,0.000000,0.000000,0.000000,0.000000,0.000000,0.000000,0.000000,0.000000,0.000000,0.000000,0.000000,0.000000,0.000000,0.000000,0.000000,0.000000,0.000000,0.000000,0.000000,0.000000,0.000000,0.000000,0.000000,0.000000,
32.000000,Group 6c,2,6.000000,7.000000,6.900000,0.300000,7.000000,7.000000,0.000000,36.000000,4.640000,8.363636,0.000000,6.000000,0.000000,32.000000,3.960000,7.817826,0.000000,6.000000,0.000000,7.000000,1.720000,1.990377,0.000000,3.000000,0.000000,97.407407,17.339929,23.553412,0.000000,38.823529,0.000000,70.000000,11.600000,16.467847,0.000000,20.000000,0.000000,0.786792,0.228891,0.212058,0.000000,0.404936,0.000000,0.850000,0.241257,0.218333,0.000000,0.445455,0.000000,0.850000,0.223000,0.206691,0.000000,0.400000,0.000000,1.500000,0.390000,0.403113,0.000000,0.900000,0.000000,0.320755,0.009233,0.046773,0.000000,0.000000,0.000000,42541.000000,3163.940000,9366.381610,0.000000,2050.000000,11512.000000,20129.142860,15144.931428,1744.319123,13728.000000,16980.571429,0.000000,0.396700,0.030465,0.089806,0.000000,0.019959,0.000000,0.271329,0.020868,0.059839,0.000000,0.014881,136.415183,920.698670,264.653524,158.435534,166.070884,288.759828,20.067547,131.528381,38.205180,22.431067,24.397697,41.251404,0.079741,0.532013,0.150696,0.091304,0.097291,0.170172,0.375161,4.324571,1.126481,0.812267,0.462271,2.161010,0.000000,670.438989,49.062244,147.612041,0.000000,26.060973,0.000000,0.737703,0.084360,0.185577,0.000000,0.102744,0.000000,2.292401,0.547718,0.510161,0.000000,0.961751,0.000000,0.000000,0.000000,0.000000,0.000000,0.000000,0.000000,0.000000,0.000000,0.000000,0.000000,0.000000,0.000000,0.000000,0.000000,0.000000,0.000000,0.000000,0.000000,0.000000,0.000000,0.000000,0.000000,0.000000,
33.000000,Group 6d,1,4.000000,7.000000,6.837209,0.525190,7.000000,7.000000,0.000000,254.000000,20.581395,45.116507,0.000000,28.200000,0.000000,120.000000,13.348837,22.370957,0.000000,26.100000,0.000000,7.000000,2.465116,2.617906,0.000000,6.000000,0.000000,67.105263,13.764241,17.352104,0.000000,30.490882,0.000000,45.000000,6.337209,9.799573,0.000000,10.000000,0.000000,1.634118,0.528537,0.538809,0.000000,1.138702,0.000000,1.300000,0.434603,0.439513,0.000000,0.946346,0.000000,1.800000,0.350000,0.441588,0.000000,0.950000,0.000000,3.600000,1.118605,1.153409,0.000000,2.400000,0.000000,0.791667,0.217825,0.266531,0.000000,0.591828,0.000000,75087.000000,7436.023256,14655.399363,0.000000,15650.500000,0.000000,17754.571430,8514.531562,7157.530431,0.000000,15808.335715,0.000000,0.810817,0.074402,0.156105,0.000000,0.138235,0.000000,0.619048,0.049946,0.116675,0.000000,0.076959,0.000000,2088.484087,405.000675,540.399536,0.000000,955.323309,0.000000,298.354870,57.895553,77.172520,0.000000,136.474758,0.002909,1.353141,0.388415,0.332319,0.068159,0.655095,0.000000,23.254876,3.735159,5.237527,0.000000,6.927569,0.000000,2060.896530,254.034278,470.544496,0.000000,642.998689,0.000000,0.986791,0.271753,0.320341,0.000000,0.723892,0.000000,3.960041,1.060943,1.084809,0.000000,2.293918,0.000000,0.056208,0.005332,0.012064,0.000000,0.012549,0.000000,0.021699,0.001561,0.004721,0.000000,0.000371,0.000000,0.089948,0.005139,0.018613,0.000000,0.000000,0.000000,0.089948,0.005139,0.018613,0.000000,0.000000,
34.000000,Group 6d,2,4.000000,7.000000,6.837209,0.525190,7.000000,7.000000,0.000000,76.000000,11.325581,16.280565,0.000000,20.050000,0.000000,65.000000,9.697674,13.332134,0.000000,18.050000,0.000000,7.000000,2.930233,2.888593,0.000000,6.000000,0.000000,124.545455,23.618679,28.635656,0.000000,50.488541,0.000000,100.000000,7.732558,15.578141,0.000000,12.625000,0.000000,2.040909,0.683171,0.689284,0.000000,1.417403,0.000000,1.872727,0.580663,0.569679,0.000000,1.130834,0.000000,2.300000,0.474419,0.505478,0.000000,0.905000,0.000000,4.300000,1.558140,1.574836,0.000000,3.500000,0.000000,0.848485,0.223022,0.268087,0.000000,0.545602,0.000000,51067.000000,8465.232558,10994.650460,0.000000,19871.600000,0.000000,18982.000000,9501.840532,8020.216311,0.000000,17832.264290,0.000000,0.437557,0.073262,0.091742,0.000000,0.163321,0.000000,0.285714,0.043162,0.056951,0.000000,0.094395,0.000000,5918.034384,749.761875,1022.697716,0.000000,1350.060598,0.000000,845.433483,107.865618,145.783908,0.000000,192.865799,0.010757,3.042501,0.650245,0.524311,0.376629,0.772126,0.000000,108.051008,7.011442,16.469647,0.000000,10.982643,0.000000,5594.670226,433.104620,900.008439,0.000000,692.109072,0.000000,0.957754,0.276939,0.316477,0.000000,0.632519,0.000000,6.706659,1.487800,1.812467,0.000000,2.660242,0.000000,0.210363,0.018795,0.040987,0.000000,0.029429,0.000000,0.074745,0.005247,0.014893,0.000000,0.010218,0.000000,0.323171,0.021544,0.068073,0.000000,0.014157,0.000000,0.323171,0.021544,0.068073,0.000000,0.014157,
35.000000,Group 6e,1,6.000000,7.000000,6.900000,0.300000,7.000000,7.000000,0.000000,120.000000,18.040000,29.014452,2.000000,42.000000,0.000000,63.000000,6.580000,11.567351,0.000000,11.000000,0.000000,7.000000,3.620000,1.937937,2.000000,6.000000,0.000000,43.750000,15.033439,10.747252,5.000000,26.000000,0.000000,35.000000,8.400000,7.258788,5.000000,15.000000,0.000000,2.989362,1.077935,0.736033,0.475000,1.909677,0.000000,2.625000,0.955137,0.582898,0.466667,1.742857,0.000000,2.650000,0.702000,0.444068,0.300000,1.050000,0.000000,7.100000,2.632000,1.781622,0.700000,4.500000,0.000000,0.863636,0.314041,0.275469,0.000000,0.630769,0.000000,28735.000000,5030.120000,7139.564005,95.000000,11488.000000,10955.428571,26167.142860,19383.862858,4543.919485,14507.000000,25301.571430,0.000000,0.165054,0.031616,0.041523,0.000904,0.071264,0.000000,0.170139,0.028100,0.041436,0.001488,0.064980,1.282124,1152.759778,283.190004,344.395997,8.902710,691.618076,0.197757,164.679968,40.604703,49.174514,1.483785,98.802582,0.000825,0.528253,0.111029,0.130351,0.006332,0.232609,0.864015,42.021068,7.709446,8.369419,1.517540,17.913202,0.000000,1137.212063,192.076605,260.998324,1.160261,492.482774,0.000000,0.986513,0.500810,0.301201,0.096132,0.876115,0.000000,6.627391,2.026929,1.621808,0.739469,3.623844,0.000000,0.039606,0.003486,0.007070,0.000000,0.009120,0.000000,0.014249,0.000857,0.002403,0.000000,0.001588,0.000000,0.241883,0.020288,0.049107,0.000000,0.061593,0.000000,0.241883,0.020288,0.049107,0.000000,0.061593,
36.000000,Group 6e,2,6.000000,7.000000,6.900000,0.300000,7.000000,7.000000,0.000000,9.000000,2.220000,2.166010,0.000000,4.000000,0.000000,6.000000,1.540000,1.627391,0.000000,3.000000,0.000000,4.000000,1.500000,1.204159,0.000000,3.000000,0.000000,75.000000,17.383333,19.721518,0.000000,35.000000,0.000000,70.000000,14.900000,17.377859,0.000000,30.000000,0.000000,2.706452,0.773517,0.657658,0.000000,1.446154,0.000000,3.033333,0.902811,0.861088,0.000000,1.725000,0.000000,3.100000,0.845000,0.864942,0.000000,1.600000,0.000000,4.200000,1.384000,1.262277,0.000000,2.900000,0.000000,1.000000,0.318489,0.342643,0.000000,0.769231,0.000000,5204.000000,989.100000,1265.006391,0.000000,2428.000000,12098.857143,28471.714290,21042.031428,4756.234393,16226.142857,26751.142860,0.000000,0.030556,0.006679,0.008309,0.000000,0.013983,0.000000,0.022321,0.004625,0.005391,0.000000,0.008102,5.634281,556.084374,77.151021,98.589756,12.051472,130.052600,0.804897,79.440625,11.162955,14.160524,1.721639,18.578943,0.002930,0.215163,0.031966,0.039692,0.005491,0.047322,0.600783,30.648757,3.913602,5.523196,0.908541,5.215173,0.000000,478.135250,46.375642,88.992236,0.000000,88.763129,0.000000,0.909164,0.355498,0.339932,0.000000,0.847575,0.000000,6.774282,1.497440,1.406143,0.000000,2.533221,0.000000,0.012758,0.000764,0.002141,0.000000,0.001409,0.000000,0.005624,0.000179,0.000845,0.000000,0.000000,0.000000,0.205949,0.006529,0.030977,0.000000,0.000000,0.000000,0.205949,0.006529,0.030977,0.000000,0.000000,
37.000000,Group 6gh,1,6.000000,7.000000,6.893617,0.308327,7.000000,7.000000,0.000000,35.000000,3.574468,7.592675,0.000000,6.450000,0.000000,28.000000,1.851064,5.319489,0.000000,2.000000,0.000000,5.000000,0.978723,1.211459,0.000000,2.000000,0.000000,175.000000,16.268448,32.650872,0.000000,42.250000,0.000000,150.000000,13.351064,28.309068,0.000000,23.500000,0.000000,1.212664,0.199623,0.260284,0.000000,0.461250,0.000000,1.636364,0.243672,0.357733,0.000000,0.500000,0.000000,1.500000,0.221277,0.320031,0.000000,0.500000,0.000000,2.800000,0.363830,0.552913,0.000000,0.990000,0.000000,0.558952,0.031829,0.106570,0.000000,0.003429,0.000000,46381.000000,2714.042553,8599.953921,0.000000,2195.100000,20132.714286,31883.000000,28199.890577,2883.837748,25256.164286,30529.021427,0.000000,0.218211,0.012897,0.040346,0.000000,0.009965,0.000000,0.260417,0.013282,0.042528,0.000000,0.010938,420.942463,2862.755863,705.640476,345.754648,507.634827,763.821549,65.596009,408.965123,102.016371,48.724211,77.591273,109.117364,0.158586,0.808123,0.212760,0.093072,0.174790,0.224319,0.425416,17.989189,1.497094,2.566442,0.541889,2.029528,0.000000,2187.316886,69.020365,318.700989,0.000000,48.167243,0.000000,0.764060,0.042297,0.123402,0.000000,0.063742,0.000000,2.829616,0.547836,0.616765,0.000000,1.193170,0.000000,0.027725,0.000590,0.004001,0.000000,0.000000,0.000000,0.005220,0.000111,0.000753,0.000000,0.000000,0.000000,0.023922,0.000509,0.003452,0.000000,0.000000,0.000000,0.023922,0.000509,0.003452,0.000000,0.000000,
38.000000,Group 6gh,2,6.000000,7.000000,6.893617,0.308327,7.000000,7.000000,0.000000,89.000000,5.000000,13.556815,0.000000,6.450000,0.000000,57.000000,2.787234,8.507659,0.000000,3.000000,0.000000,4.000000,1.446809,1.349681,0.000000,3.000000,0.000000,117.916667,14.794476,22.632577,0.000000,25.562500,0.000000,55.000000,9.946809,12.752653,0.000000,21.125000,0.000000,0.972727,0.284486,0.278766,0.000000,0.604500,0.000000,1.400000,0.317886,0.328151,0.000000,0.700000,0.000000,1.400000,0.296809,0.327856,0.000000,0.700000,0.000000,1.400000,0.497872,0.461491,0.000000,1.100000,0.000000,0.545455,0.043166,0.125954,0.000000,0.052500,0.000000,41154.000000,2718.340426,7609.238890,0.000000,2705.050000,19624.285714,31053.142860,27410.197568,2880.160101,24384.921429,30174.907146,0.000000,0.191144,0.013388,0.036547,0.000000,0.013515,0.000000,0.266865,0.013717,0.043622,0.000000,0.010144,476.231365,1147.383043,728.439838,144.385797,571.393108,865.146973,78.294386,163.911863,105.373745,19.024540,85.039421,123.592425,0.187644,0.375989,0.227192,0.034885,0.196801,0.250169,0.428761,12.202080,1.948865,2.327818,0.480842,3.784197,0.000000,478.492376,44.660769,99.700783,0.000000,87.222581,0.000000,0.422885,0.048721,0.093398,0.000000,0.102217,0.000000,5.168888,0.884927,1.031360,0.000000,1.720564,0.000000,0.003790,0.000161,0.000717,0.000000,0.000000,0.000000,0.001525,0.000032,0.000220,0.000000,0.000000,0.000000,0.159602,0.003396,0.023031,0.000000,0.000000,0.000000,0.159602,0.003396,0.023031,0.000000,0.000000,
39.000000,Group 8 - 6.2 - I74,1,6.000000,7.000000,6.900000,0.300000,7.000000,7.000000,4.000000,204.000000,67.140000,55.807888,17.000000,136.000000,2.000000,73.000000,27.720000,19.337053,7.000000,53.000000,2.000000,7.000000,6.200000,1.200000,5.000000,7.000000,6.666667,162.758621,35.530280,32.768838,8.750000,63.526316,5.000000,25.000000,8.000000,3.741657,5.000000,10.000000,0.150000,1.112644,0.624742,0.298188,0.226901,0.935922,0.165217,0.782353,0.378006,0.130100,0.220370,0.477778,0.100000,1.000000,0.229000,0.141099,0.100000,0.300000,0.500000,4.600000,1.840000,0.943398,0.900000,3.000000,0.000000,0.626412,0.255828,0.209049,0.000000,0.489157,677.000000,149308.000000,50772.700000,50354.714136,2296.000000,118972.000000,11583.857140,25662.428570,20130.588572,3000.578947,17992.285714,23006.714286,0.005631,0.980872,0.387518,0.386808,0.016706,0.853528,0.003472,0.936508,0.307482,0.320708,0.015625,0.698909,882.034284,5437.584067,2542.288597,1410.649804,1178.353852,4205.437772,126.004898,776.797724,365.926630,199.016617,173.778037,600.776825,0.423516,3.378775,1.158515,0.792051,0.482654,1.837739,1.020751,18.534078,5.702823,4.502204,1.521031,10.252682,15.330429,5174.251164,1752.537788,1836.440667,33.260886,3923.423140,0.014219,0.996137,0.472826,0.404708,0.030772,0.941607,0.632680,3.496030,1.660606,0.732673,0.752202,2.181535,0.000000,0.224588,0.017152,0.051574,0.000000,0.005111,0.000000,0.037096,0.001743,0.006946,0.000000,0.000187,0.000000,0.040316,0.002443,0.008613,0.000000,0.000209,0.000000,0.040316,0.002443,0.008613,0.000000,0.000209,
40.000000,Group 8 - 6.2 - I74,2,6.000000,7.000000,6.900000,0.300000,7.000000,7.000000,75.000000,269.000000,178.820000,50.031466,124.000000,233.000000,36.000000,148.000000,97.060000,31.498197,59.000000,133.000000,5.000000,7.000000,6.880000,0.381576,7.000000,7.000000,10.406504,125.400000,46.277140,25.707387,26.480583,66.068702,5.000000,30.000000,13.750000,5.344390,10.000000,20.000000,0.135631,0.586231,0.259039,0.141432,0.154846,0.488844,0.135366,0.433333,0.227727,0.074241,0.162201,0.318462,0.100000,0.300000,0.154000,0.069886,0.100000,0.200000,0.500000,3.200000,1.500000,0.497594,1.000000,1.900000,0.000000,0.255183,0.050407,0.075517,0.000000,0.156546,20873.000000,117596.000000,92013.480000,20955.230423,75016.000000,110380.000000,14469.142860,22357.000000,18156.248572,1979.555886,16118.000000,20410.000000,0.161871,0.957047,0.726518,0.167005,0.600509,0.888858,0.253968,0.943948,0.717168,0.151141,0.592262,0.862599,1043.584317,5544.756702,2271.445852,1298.418744,1301.483406,4319.676927,163.345624,792.108100,327.271608,183.321119,198.880197,617.096704,0.539963,2.851892,1.108025,0.708504,0.621419,2.308334,1.707746,16.627620,6.277618,3.614439,2.249403,10.533589,367.861557,5487.875880,1941.832506,1415.411384,869.215582,4146.997347,0.297157,0.989742,0.793247,0.153349,0.659854,0.964410,0.593390,2.969526,1.219687,0.756879,0.693424,2.483945,0.000000,0.180020,0.023215,0.044657,0.000000,0.059779,0.000000,0.005664,0.000537,0.001361,0.000000,0.001015,0.000000,0.006154,0.000639,0.001587,0.000000,0.001661,0.000000,0.006154,0.000639,0.001587,0.000000,0.001661,
